{
  "train_domain_weights": {
    "dzen": 0.0004617091326508671,
    "lenta": 0.11067736893892288,
    "lj": 0.011351960711181164,
    "ok": 0.1378111094236374,
    "reddit": 0.5917638540267944,
    "twitter": 0.01751086674630642,
    "vk": 0.1304231435060501
  },
  "eval_domain_weights": {
    "dzen": 0.0004617091326508671,
    "lenta": 0.11067736893892288,
    "lj": 0.011351960711181164,
    "ok": 0.1378111094236374,
    "reddit": 0.5917638540267944,
    "twitter": 0.01751086674630642,
    "vk": 0.1304231435060501
  }
}