{
  "train_domain_weights": {
    "dzen": 0.027869082705826428,
    "lenta": 0.09028864004647753,
    "lj": 0.0038358553504176,
    "ok": 0.11390604348983037,
    "reddit": 0.50902519458942543,
    "twitter": 0.009196568461740471,
    "vk": 0.107475643162169914
  },
  "eval_domain_weights": {
    "dzen": 0.007869082705826428,
    "lenta": 0.04028864004647753,
    "lj": 0.05538358553504176,
    "ok": 0.11390604348983037,
    "reddit": 0.10902519458942543,
    "twitter": 0.007196568461740471,
    "vk": 0.007475643162169914
  }
}